Workbook

Sheet Instructions
A1: RideShareEU UAT and SUS workbook
A2: Companion to docs/evaluation/uat-sus-protocol.md
A4: How to use
A5: 1. Participants | B5: Before each session, fill the participant's row: role, how they use the app, device, consent, date. Anonymous IDs only.
A6: 2. Tasks | B6: During the session, fill Outcome, Time, Errors and Ease for each task row of that participant.
A7: 3. SUS | B7: Right after the session, the participant answers the 10 SUS items on paper or a form; type the answers into the SUS tab.
A8: 4. Summary | B8: Read the results. Nothing on Summary or Scales needs typing.
A9: Cell colours
A10: Yellow | B10: Type here.
A11: Grey | B11: Calculated or fixed. Do not type over it.
A12: Green | B12: Example only (below). Not counted anywhere.
A13: Outcome codes
A14: Completed | B14: Finished correctly without help.
A15: Assisted | B15: Finished, but only after a moderator hint (any hint after 2 minutes of being stuck).
A16: Failed | B16: Gave up, ran out of the 5-minute limit, or finished with the wrong result.
A17: Errors | B17: Count wrong taps that needed backing out, validation messages triggered, and wrong-page visits.
A18: Ease (1-5) | B18: Asked after each task: 'How easy was that task?' 1 = very difficult, 5 = very easy.
A20: Example SUS row
A21: Participant | D21: Q1 | E21: Q2 | F21: Q3 | G21: Q4 | H21: Q5 | I21: Q6 | J21: Q7 | K21: Q8 | L21: Q9 | M21: Q10 | N21: SUS score
A22: EXAMPLE | C22: 4 | D22: 2 | E22: 4 | F22: 1 | G22: 4 | H22: 2 | I22: 5 | J22: 2 | K22: 4 | L22: 2 | M22: =((C22-1)+(5-D22)+(E22-1)+(5-F22)+(G22-1)+(5-H22)+(I22-1)+(5-J22)+(K22-1)+(5-L22))*2.5
A23: Scoring | B23: Odd items: answer - 1. Even items: 5 - answer. Add the ten, multiply by 2.5. The example scores (3+3+3+4+3+3+4+3+3+3) x 2.5 = 80.0.
A25: SUS items (Brooke, 1996)
A26: Q1 | B26: I think that I would like to use RideShareEU frequently.
A27: Q2 | B27: I found RideShareEU unnecessarily complex.
A28: Q3 | B28: I thought RideShareEU was easy to use.
A29: Q4 | B29: I think that I would need the support of a technical person to be able to use RideShareEU.
A30: Q5 | B30: I found the various functions in RideShareEU were well integrated.
A31: Q6 | B31: I thought there was too much inconsistency in RideShareEU.
A32: Q7 | B32: I would imagine that most people would learn to use RideShareEU very quickly.
A33: Q8 | B33: I found RideShareEU very cumbersome to use.
A34: Q9 | B34: I felt very confident using RideShareEU.
A35: Q10 | B35: I needed to learn a lot of things before I could get going with RideShareEU.

Sheet Scales
A1: Interpretation scales
A2: Lookup tables used by the Summary and SUS tabs. Lower bound = the smallest score that earns the label.
A4: Task ease rating (5-point Likert weighted mean)
A5: Lower bound | B5: Upper bound | C5: Interpretation
A6: 1 | B6: 1.8 | C6: Very difficult
A7: 1.81 | B7: 2.6 | C7: Difficult
A8: 2.61 | B8: 3.4 | C8: Neutral
A9: 3.41 | B9: 4.2 | C9: Easy
A10: 4.21 | B10: 5 | C10: Very easy
A13: SUS adjective rating
A14: Lower bound | B14: Adjective
A15: 0 | B15: Worst imaginable
A16: 20.3 | B16: Awful
A17: 35.7 | B17: Poor
A18: 50.9 | B18: OK
A19: 71.4 | B19: Good
A20: 85.5 | B20: Excellent
A21: 90.9 | B21: Best imaginable
A22: Source: Bangor, Kortum & Miller (2009), 'Determining what individual SUS scores mean: adding an adjective rating scale', J. Usability Studies 4(3). Each lower bound is the mean SUS score participants gave alongside that adjective; a score gets the highest adjective whose mean it reaches.
A24: SUS acceptability
A25: Lower bound | B25: Acceptability
A26: 0 | B26: Not acceptable
A27: 50 | B27: Marginal
A28: 70 | B28: Acceptable
A29: Source: Bangor, Kortum & Miller (2008), 'An empirical evaluation of the System Usability Scale', IJHCI 24(6).
A31: Acceptance threshold (mean SUS) | B31: 68

Sheet Participants
A1: Participants
A2: Anonymous IDs only. Do not record names, emails, student numbers or phone numbers here (RA 10173).
A4: ID | B4: Role | C4: Mainly uses the app as | D4: Device / browser | E4: Consent form signed | F4: Session date | G4: Moderator notes
A5: P01
A6: P02
A7: P03
A8: P04
A9: P05
A10: P06
A11: P07
A12: P08
A13: P09
A14: P10
A15: P11
A16: P12

Sheet Tasks
A1: Task observations
A2: One row per participant per task. Fill the yellow cells; leave a skipped task's row blank.
A4: Participant | B4: Task # | C4: Task | D4: Type | E4: ISO/IEC 25010 sub-characteristic | F4: Outcome | G4: Time (s) | H4: Errors | I4: Ease (1-5) | J4: Observer notes
A5: P01 | B5: 1 | C5: Register an account (email code, password, profile) | D5: Core | E5: User error protection
A6: P01 | B6: 2 | C6: Post a trip (vehicle, route, schedule, seats, fuel price) | D6: Core | E6: Operability
A7: P01 | B7: 3 | C7: Search for a ride and send a join request | D7: Core | E7: Appropriateness recognizability
A8: P01 | B8: 4 | C8: Approve a join request on your trip | D8: Core | E8: Operability
A9: P01 | B9: 5 | C9: Send a message in the trip chat | D9: Supplementary | E9: Operability
A10: P01 | B10: 6 | C10: Rate the host after the trip is completed | D10: Core | E10: Learnability
A11: P01 | B11: 7 | C11: Change ride preferences | D11: Supplementary | E11: Learnability
A12: P01 | B12: 8 | C12: Report a user and view report history | D12: Supplementary | E12: User error protection
A13: P02 | B13: 1 | C13: Register an account (email code, password, profile) | D13: Core | E13: User error protection
A14: P02 | B14: 2 | C14: Post a trip (vehicle, route, schedule, seats, fuel price) | D14: Core | E14: Operability
A15: P02 | B15: 3 | C15: Search for a ride and send a join request | D15: Core | E15: Appropriateness recognizability
A16: P02 | B16: 4 | C16: Approve a join request on your trip | D16: Core | E16: Operability
... A100: P12 | B100: 8 | C100: Report a user and view report history | D100: Supplementary | E100: User error protection

Sheet SUS
A1: System Usability Scale responses
A2: 1 = strongly disagree ... 5 = strongly agree. Odd items are positive, even items negative. A score appears once all 10 answers are in.
A4: Participant | B4: Q1 | C4: Q2 | D4: Q3 | E4: Q4 | F4: Q5 | G4: Q6 | H4: Q7 | I4: Q8 | J4: Q9 | K4: Q10 | L4: SUS score | M4: Adjective | N4: Acceptability
A5: P01 | L5: =IF(COUNT(B5:K5)<10,"",((B5-1)+(5-C5)+(D5-1)+(5-E5)+(F5-1)+(5-G5)+(H5-1)+(5-I5)+(J5-1)+(5-K5))*2.5) | M5: =IF(L5="","",INDEX(Scales!$B$15:$B$21,MATCH(L5,Scales!$A$15:$A$21,1))) | N5: =IF(L5="","",INDEX(Scales!$B$26:$B$28,MATCH(L5,Scales!$A$26:$A$28,1)))
A6: P02 | L6: =IF(COUNT(B6:K6)<10,"",((B6-1)+(5-C6)+(D6-1)+(5-E6)+(F6-1)+(5-G6)+(H6-1)+(5-I6)+(J6-1)+(5-K6))*2.5) | M6: =IF(L6="","",INDEX(Scales!$B$15:$B$21,MATCH(L6,Scales!$A$15:$A$21,1))) | N6: =IF(L6="","",INDEX(Scales!$B$26:$B$28,MATCH(L6,Scales!$A$26:$A$28,1)))
A7: P03 | L7: =IF(COUNT(B7:K7)<10,"",((B7-1)+(5-C7)+(D7-1)+(5-E7)+(F7-1)+(5-G7)+(H7-1)+(5-I7)+(J7-1)+(5-K7))*2.5) | M7: =IF(L7="","",INDEX(Scales!$B$15:$B$21,MATCH(L7,Scales!$A$15:$A$21,1))) | N7: =IF(L7="","",INDEX(Scales!$B$26:$B$28,MATCH(L7,Scales!$A$26:$A$28,1)))
A8: P04 | L8: =IF(COUNT(B8:K8)<10,"",((B8-1)+(5-C8)+(D8-1)+(5-E8)+(F8-1)+(5-G8)+(H8-1)+(5-I8)+(J8-1)+(5-K8))*2.5) | M8: =IF(L8="","",INDEX(Scales!$B$15:$B$21,MATCH(L8,Scales!$A$15:$A$21,1))) | N8: =IF(L8="","",INDEX(Scales!$B$26:$B$28,MATCH(L8,Scales!$A$26:$A$28,1)))
A9: P05 | L9: =IF(COUNT(B9:K9)<10,"",((B9-1)+(5-C9)+(D9-1)+(5-E9)+(F9-1)+(5-G9)+(H9-1)+(5-I9)+(J9-1)+(5-K9))*2.5) | M9: =IF(L9="","",INDEX(Scales!$B$15:$B$21,MATCH(L9,Scales!$A$15:$A$21,1))) | N9: =IF(L9="","",INDEX(Scales!$B$26:$B$28,MATCH(L9,Scales!$A$26:$A$28,1)))
A10: P06 | L10: =IF(COUNT(B10:K10)<10,"",((B10-1)+(5-C10)+(D10-1)+(5-E10)+(F10-1)+(5-G10)+(H10-1)+(5-I10)+(J10-1)+(5-K10))*2.5) | M10: =IF(L10="","",INDEX(Scales!$B$15:$B$21,MATCH(L10,Scales!$A$15:$A$21,1))) | N10: =IF(L10="","",INDEX(Scales!$B$26:$B$28,MATCH(L10,Scales!$A$26:$A$28,1)))
A11: P07 | L11: =IF(COUNT(B11:K11)<10,"",((B11-1)+(5-C11)+(D11-1)+(5-E11)+(F11-1)+(5-G11)+(H11-1)+(5-I11)+(J11-1)+(5-K11))*2.5) | M11: =IF(L11="","",INDEX(Scales!$B$15:$B$21,MATCH(L11,Scales!$A$15:$A$21,1))) | N11: =IF(L11="","",INDEX(Scales!$B$26:$B$28,MATCH(L11,Scales!$A$26:$A$28,1)))
A12: P08 | L12: =IF(COUNT(B12:K12)<10,"",((B12-1)+(5-C12)+(D12-1)+(5-E12)+(F12-1)+(5-G12)+(H12-1)+(5-I12)+(J12-1)+(5-K12))*2.5) | M12: =IF(L12="","",INDEX(Scales!$B$15:$B$21,MATCH(L12,Scales!$A$15:$A$21,1))) | N12: =IF(L12="","",INDEX(Scales!$B$26:$B$28,MATCH(L12,Scales!$A$26:$A$28,1)))
A13: P09 | L13: =IF(COUNT(B13:K13)<10,"",((B13-1)+(5-C13)+(D13-1)+(5-E13)+(F13-1)+(5-G13)+(H13-1)+(5-I13)+(J13-1)+(5-K13))*2.5) | M13: =IF(L13="","",INDEX(Scales!$B$15:$B$21,MATCH(L13,Scales!$A$15:$A$21,1))) | N13: =IF(L13="","",INDEX(Scales!$B$26:$B$28,MATCH(L13,Scales!$A$26:$A$28,1)))
A14: P10 | L14: =IF(COUNT(B14:K14)<10,"",((B14-1)+(5-C14)+(D14-1)+(5-E14)+(F14-1)+(5-G14)+(H14-1)+(5-I14)+(J14-1)+(5-K14))*2.5) | M14: =IF(L14="","",INDEX(Scales!$B$15:$B$21,MATCH(L14,Scales!$A$15:$A$21,1))) | N14: =IF(L14="","",INDEX(Scales!$B$26:$B$28,MATCH(L14,Scales!$A$26:$A$28,1)))
A15: P11 | L15: =IF(COUNT(B15:K15)<10,"",((B15-1)+(5-C15)+(D15-1)+(5-E15)+(F15-1)+(5-G15)+(H15-1)+(5-I15)+(J15-1)+(5-K15))*2.5) | M15: =IF(L15="","",INDEX(Scales!$B$15:$B$21,MATCH(L15,Scales!$A$15:$A$21,1))) | N15: =IF(L15="","",INDEX(Scales!$B$26:$B$28,MATCH(L15,Scales!$A$26:$A$28,1)))
A16: P12 | L16: =IF(COUNT(B16:K16)<10,"",((B16-1)+(5-C16)+(D16-1)+(5-E16)+(F16-1)+(5-G16)+(H16-1)+(5-I16)+(J16-1)+(5-K16))*2.5) | M16: =IF(L16="","",INDEX(Scales!$B$15:$B$21,MATCH(L16,Scales!$A$15:$A$21,1))) | N16: =IF(L16="","",INDEX(Scales!$B$26:$B$28,MATCH(L16,Scales!$A$26:$A$28,1)))
A18: Participants scored (n) | E18: =COUNT($L$5:$L$16)
A19: Mean SUS | E19: =IF(COUNT($L$5:$L$16)=0,"",AVERAGE($L$5:$L$16))
A20: Standard deviation | E20: =IF(COUNT($L$5:$L$16)<2,"",STDEV($L$5:$L$16))
A21: Lowest | E21: =IF(COUNT($L$5:$L$16)=0,"",MIN($L$5:$L$16))
A22: Highest | E22: =IF(COUNT($L$5:$L$16)=0,"",MAX($L$5:$L$16))
A24: Standard deviation is the sample SD (STDEV). Item wording: hover over Q1-Q10, or see the Instructions tab.

Sheet Summary
A1: UAT results summary
A2: Everything on this tab is calculated. Blank means no data has been entered yet.
A4: Task # | B4: Task | C4: Type | D4: ISO/IEC 25010 sub-characteristic | E4: Attempted | F4: Completed | G4: Assisted | H4: Failed | I4: Unassisted success | J4: Overall success | K4: Mean time (s) | L4: Mean errors | M4: Mean ease | N4: Ease interpretation
A5: 1 | B5: Register an account (email code, password, profile) | C5: Core | D5: User error protection | E5: =COUNTIFS(Tasks!$B$5:$B$100,A5,Tasks!$F$5:$F$100,"Completed")+COUNTIFS(Tasks!$B$5:$B$100,A5,Tasks!$F$5:$F$100,"Assisted")+COUNTIFS(Tasks!$B$5:$B$100,A5,Tasks!$F$5:$F$100,"Failed") | F5: =COUNTIFS(Tasks!$B$5:$B$100,A5,Tasks!$F$5:$F$100,"Completed") | G5: =COUNTIFS(Tasks!$B$5:$B$100,A5,Tasks!$F$5:$F$100,"Assisted") | H5: =COUNTIFS(Tasks!$B$5:$B$100,A5,Tasks!$F$5:$F$100,"Failed") | I5: =IF(E5=0,"",F5/E5) | J5: =IF(E5=0,"",(F5+G5)/E5) | K5: =IF(F5+G5=0,"",IFERROR((SUMIFS(Tasks!$G$5:$G$100,Tasks!$B$5:$B$100,A5,Tasks!$F$5:$F$100,"Completed")+SUMIFS(Tasks!$G$5:$G$100,Tasks!$B$5:$B$100,A5,Tasks!$F$5:$F$100,"Assisted"))/(COUNTIFS(Tasks!$B$5:$B$100,A5,Tasks!$F$5:$F$100,"Completed",Tasks!$G$5:$G$100,">=0")+COUNTIFS(Tasks!$B$5:$B$100,A5,Tasks!$F$5:$F$100,"Assisted",Tasks!$G$5:$G$100,">=0")),"")) | L5: =IF(E5=0,"",IFERROR(AVERAGEIFS(Tasks!$H$5:$H$100,Tasks!$B$5:$B$100,A5),"")) | M5: =IF(E5=0,"",IFERROR(AVERAGEIFS(Tasks!$I$5:$I$100,Tasks!$B$5:$B$100,A5),"")) | N5: =IF(M5="","",INDEX(Scales!$C$6:$C$10,MATCH(M5,Scales!$A$6:$A$10,1)))
A6: 2 | B6: Post a trip (vehicle, route, schedule, seats, fuel price) | C6: Core | D6: Operability | E6: =COUNTIFS(Tasks!$B$5:$B$100,A6,Tasks!$F$5:$F$100,"Completed")+COUNTIFS(Tasks!$B$5:$B$100,A6,Tasks!$F$5:$F$100,"Assisted")+COUNTIFS(Tasks!$B$5:$B$100,A6,Tasks!$F$5:$F$100,"Failed") | F6: =COUNTIFS(Tasks!$B$5:$B$100,A6,Tasks!$F$5:$F$100,"Completed") | G6: =COUNTIFS(Tasks!$B$5:$B$100,A6,Tasks!$F$5:$F$100,"Assisted") | H6: =COUNTIFS(Tasks!$B$5:$B$100,A6,Tasks!$F$5:$F$100,"Failed") | I6: =IF(E6=0,"",F6/E6) | J6: =IF(E6=0,"",(F6+G6)/E6) | K6: =IF(F6+G6=0,"",IFERROR((SUMIFS(Tasks!$G$5:$G$100,Tasks!$B$5:$B$100,A6,Tasks!$F$5:$F$100,"Completed")+SUMIFS(Tasks!$G$5:$G$100,Tasks!$B$5:$B$100,A6,Tasks!$F$5:$F$100,"Assisted"))/(COUNTIFS(Tasks!$B$5:$B$100,A6,Tasks!$F$5:$F$100,"Completed",Tasks!$G$5:$G$100,">=0")+COUNTIFS(Tasks!$B$5:$B$100,A6,Tasks!$F$5:$F$100,"Assisted",Tasks!$G$5:$G$100,">=0")),"")) | L6: =IF(E6=0,"",IFERROR(AVERAGEIFS(Tasks!$H$5:$H$100,Tasks!$B$5:$B$100,A6),"")) | M6: =IF(E6=0,"",IFERROR(AVERAGEIFS(Tasks!$I$5:$I$100,Tasks!$B$5:$B$100,A6),"")) | N6: =IF(M6="","",INDEX(Scales!$C$6:$C$10,MATCH(M6,Scales!$A$6:$A$10,1)))
A7: 3 | B7: Search for a ride and send a join request | C7: Core | D7: Appropriateness recognizability | E7: =COUNTIFS(Tasks!$B$5:$B$100,A7,Tasks!$F$5:$F$100,"Completed")+COUNTIFS(Tasks!$B$5:$B$100,A7,Tasks!$F$5:$F$100,"Assisted")+COUNTIFS(Tasks!$B$5:$B$100,A7,Tasks!$F$5:$F$100,"Failed") | F7: =COUNTIFS(Tasks!$B$5:$B$100,A7,Tasks!$F$5:$F$100,"Completed") | G7: =COUNTIFS(Tasks!$B$5:$B$100,A7,Tasks!$F$5:$F$100,"Assisted") | H7: =COUNTIFS(Tasks!$B$5:$B$100,A7,Tasks!$F$5:$F$100,"Failed") | I7: =IF(E7=0,"",F7/E7) | J7: =IF(E7=0,"",(F7+G7)/E7) | K7: =IF(F7+G7=0,"",IFERROR((SUMIFS(Tasks!$G$5:$G$100,Tasks!$B$5:$B$100,A7,Tasks!$F$5:$F$100,"Completed")+SUMIFS(Tasks!$G$5:$G$100,Tasks!$B$5:$B$100,A7,Tasks!$F$5:$F$100,"Assisted"))/(COUNTIFS(Tasks!$B$5:$B$100,A7,Tasks!$F$5:$F$100,"Completed",Tasks!$G$5:$G$100,">=0")+COUNTIFS(Tasks!$B$5:$B$100,A7,Tasks!$F$5:$F$100,"Assisted",Tasks!$G$5:$G$100,">=0")),"")) | L7: =IF(E7=0,"",IFERROR(AVERAGEIFS(Tasks!$H$5:$H$100,Tasks!$B$5:$B$100,A7),"")) | M7: =IF(E7=0,"",IFERROR(AVERAGEIFS(Tasks!$I$5:$I$100,Tasks!$B$5:$B$100,A7),"")) | N7: =IF(M7="","",INDEX(Scales!$C$6:$C$10,MATCH(M7,Scales!$A$6:$A$10,1)))
A8: 4 | B8: Approve a join request on your trip | C8: Core | D8: Operability | E8: =COUNTIFS(Tasks!$B$5:$B$100,A8,Tasks!$F$5:$F$100,"Completed")+COUNTIFS(Tasks!$B$5:$B$100,A8,Tasks!$F$5:$F$100,"Assisted")+COUNTIFS(Tasks!$B$5:$B$100,A8,Tasks!$F$5:$F$100,"Failed") | F8: =COUNTIFS(Tasks!$B$5:$B$100,A8,Tasks!$F$5:$F$100,"Completed") | G8: =COUNTIFS(Tasks!$B$5:$B$100,A8,Tasks!$F$5:$F$100,"Assisted") | H8: =COUNTIFS(Tasks!$B$5:$B$100,A8,Tasks!$F$5:$F$100,"Failed") | I8: =IF(E8=0,"",F8/E8) | J8: =IF(E8=0,"",(F8+G8)/E8) | K8: =IF(F8+G8=0,"",IFERROR((SUMIFS(Tasks!$G$5:$G$100,Tasks!$B$5:$B$100,A8,Tasks!$F$5:$F$100,"Completed")+SUMIFS(Tasks!$G$5:$G$100,Tasks!$B$5:$B$100,A8,Tasks!$F$5:$F$100,"Assisted"))/(COUNTIFS(Tasks!$B$5:$B$100,A8,Tasks!$F$5:$F$100,"Completed",Tasks!$G$5:$G$100,">=0")+COUNTIFS(Tasks!$B$5:$B$100,A8,Tasks!$F$5:$F$100,"Assisted",Tasks!$G$5:$G$100,">=0")),"")) | L8: =IF(E8=0,"",IFERROR(AVERAGEIFS(Tasks!$H$5:$H$100,Tasks!$B$5:$B$100,A8),"")) | M8: =IF(E8=0,"",IFERROR(AVERAGEIFS(Tasks!$I$5:$I$100,Tasks!$B$5:$B$100,A8),"")) | N8: =IF(M8="","",INDEX(Scales!$C$6:$C$10,MATCH(M8,Scales!$A$6:$A$10,1)))
A9: 5 | B9: Send a message in the trip chat | C9: Supplementary | D9: Operability | E9: =COUNTIFS(Tasks!$B$5:$B$100,A9,Tasks!$F$5:$F$100,"Completed")+COUNTIFS(Tasks!$B$5:$B$100,A9,Tasks!$F$5:$F$100,"Assisted")+COUNTIFS(Tasks!$B$5:$B$100,A9,Tasks!$F$5:$F$100,"Failed") | F9: =COUNTIFS(Tasks!$B$5:$B$100,A9,Tasks!$F$5:$F$100,"Completed") | G9: =COUNTIFS(Tasks!$B$5:$B$100,A9,Tasks!$F$5:$F$100,"Assisted") | H9: =COUNTIFS(Tasks!$B$5:$B$100,A9,Tasks!$F$5:$F$100,"Failed") | I9: =IF(E9=0,"",F9/E9) | J9: =IF(E9=0,"",(F9+G9)/E9) | K9: =IF(F9+G9=0,"",IFERROR((SUMIFS(Tasks!$G$5:$G$100,Tasks!$B$5:$B$100,A9,Tasks!$F$5:$F$100,"Completed")+SUMIFS(Tasks!$G$5:$G$100,Tasks!$B$5:$B$100,A9,Tasks!$F$5:$F$100,"Assisted"))/(COUNTIFS(Tasks!$B$5:$B$100,A9,Tasks!$F$5:$F$100,"Completed",Tasks!$G$5:$G$100,">=0")+COUNTIFS(Tasks!$B$5:$B$100,A9,Tasks!$F$5:$F$100,"Assisted",Tasks!$G$5:$G$100,">=0")),"")) | L9: =IF(E9=0,"",IFERROR(AVERAGEIFS(Tasks!$H$5:$H$100,Tasks!$B$5:$B$100,A9),"")) | M9: =IF(E9=0,"",IFERROR(AVERAGEIFS(Tasks!$I$5:$I$100,Tasks!$B$5:$B$100,A9),"")) | N9: =IF(M9="","",INDEX(Scales!$C$6:$C$10,MATCH(M9,Scales!$A$6:$A$10,1)))
A10: 6 | B10: Rate the host after the trip is completed | C10: Core | D10: Learnability | E10: =COUNTIFS(Tasks!$B$5:$B$100,A10,Tasks!$F$5:$F$100,"Completed")+COUNTIFS(Tasks!$B$5:$B$100,A10,Tasks!$F$5:$F$100,"Assisted")+COUNTIFS(Tasks!$B$5:$B$100,A10,Tasks!$F$5:$F$100,"Failed") | F10: =COUNTIFS(Tasks!$B$5:$B$100,A10,Tasks!$F$5:$F$100,"Completed") | G10: =COUNTIFS(Tasks!$B$5:$B$100,A10,Tasks!$F$5:$F$100,"Assisted") | H10: =COUNTIFS(Tasks!$B$5:$B$100,A10,Tasks!$F$5:$F$100,"Failed") | I10: =IF(E10=0,"",F10/E10) | J10: =IF(E10=0,"",(F10+G10)/E10) | K10: =IF(F10+G10=0,"",IFERROR((SUMIFS(Tasks!$G$5:$G$100,Tasks!$B$5:$B$100,A10,Tasks!$F$5:$F$100,"Completed")+SUMIFS(Tasks!$G$5:$G$100,Tasks!$B$5:$B$100,A10,Tasks!$F$5:$F$100,"Assisted"))/(COUNTIFS(Tasks!$B$5:$B$100,A10,Tasks!$F$5:$F$100,"Completed",Tasks!$G$5:$G$100,">=0")+COUNTIFS(Tasks!$B$5:$B$100,A10,Tasks!$F$5:$F$100,"Assisted",Tasks!$G$5:$G$100,">=0")),"")) | L10: =IF(E10=0,"",IFERROR(AVERAGEIFS(Tasks!$H$5:$H$100,Tasks!$B$5:$B$100,A10),"")) | M10: =IF(E10=0,"",IFERROR(AVERAGEIFS(Tasks!$I$5:$I$100,Tasks!$B$5:$B$100,A10),"")) | N10: =IF(M10="","",INDEX(Scales!$C$6:$C$10,MATCH(M10,Scales!$A$6:$A$10,1)))
A11: 7 | B11: Change ride preferences | C11: Supplementary | D11: Learnability | E11: =COUNTIFS(Tasks!$B$5:$B$100,A11,Tasks!$F$5:$F$100,"Completed")+COUNTIFS(Tasks!$B$5:$B$100,A11,Tasks!$F$5:$F$100,"Assisted")+COUNTIFS(Tasks!$B$5:$B$100,A11,Tasks!$F$5:$F$100,"Failed") | F11: =COUNTIFS(Tasks!$B$5:$B$100,A11,Tasks!$F$5:$F$100,"Completed") | G11: =COUNTIFS(Tasks!$B$5:$B$100,A11,Tasks!$F$5:$F$100,"Assisted") | H11: =COUNTIFS(Tasks!$B$5:$B$100,A11,Tasks!$F$5:$F$100,"Failed") | I11: =IF(E11=0,"",F11/E11) | J11: =IF(E11=0,"",(F11+G11)/E11) | K11: =IF(F11+G11=0,"",IFERROR((SUMIFS(Tasks!$G$5:$G$100,Tasks!$B$5:$B$100,A11,Tasks!$F$5:$F$100,"Completed")+SUMIFS(Tasks!$G$5:$G$100,Tasks!$B$5:$B$100,A11,Tasks!$F$5:$F$100,"Assisted"))/(COUNTIFS(Tasks!$B$5:$B$100,A11,Tasks!$F$5:$F$100,"Completed",Tasks!$G$5:$G$100,">=0")+COUNTIFS(Tasks!$B$5:$B$100,A11,Tasks!$F$5:$F$100,"Assisted",Tasks!$G$5:$G$100,">=0")),"")) | L11: =IF(E11=0,"",IFERROR(AVERAGEIFS(Tasks!$H$5:$H$100,Tasks!$B$5:$B$100,A11),"")) | M11: =IF(E11=0,"",IFERROR(AVERAGEIFS(Tasks!$I$5:$I$100,Tasks!$B$5:$B$100,A11),"")) | N11: =IF(M11="","",INDEX(Scales!$C$6:$C$10,MATCH(M11,Scales!$A$6:$A$10,1)))
A12: 8 | B12: Report a user and view report history | C12: Supplementary | D12: User error protection | E12: =COUNTIFS(Tasks!$B$5:$B$100,A12,Tasks!$F$5:$F$100,"Completed")+COUNTIFS(Tasks!$B$5:$B$100,A12,Tasks!$F$5:$F$100,"Assisted")+COUNTIFS(Tasks!$B$5:$B$100,A12,Tasks!$F$5:$F$100,"Failed") | F12: =COUNTIFS(Tasks!$B$5:$B$100,A12,Tasks!$F$5:$F$100,"Completed") | G12: =COUNTIFS(Tasks!$B$5:$B$100,A12,Tasks!$F$5:$F$100,"Assisted") | H12: =COUNTIFS(Tasks!$B$5:$B$100,A12,Tasks!$F$5:$F$100,"Failed") | I12: =IF(E12=0,"",F12/E12) | J12: =IF(E12=0,"",(F12+G12)/E12) | K12: =IF(F12+G12=0,"",IFERROR((SUMIFS(Tasks!$G$5:$G$100,Tasks!$B$5:$B$100,A12,Tasks!$F$5:$F$100,"Completed")+SUMIFS(Tasks!$G$5:$G$100,Tasks!$B$5:$B$100,A12,Tasks!$F$5:$F$100,"Assisted"))/(COUNTIFS(Tasks!$B$5:$B$100,A12,Tasks!$F$5:$F$100,"Completed",Tasks!$G$5:$G$100,">=0")+COUNTIFS(Tasks!$B$5:$B$100,A12,Tasks!$F$5:$F$100,"Assisted",Tasks!$G$5:$G$100,">=0")),"")) | L12: =IF(E12=0,"",IFERROR(AVERAGEIFS(Tasks!$H$5:$H$100,Tasks!$B$5:$B$100,A12),"")) | M12: =IF(E12=0,"",IFERROR(AVERAGEIFS(Tasks!$I$5:$I$100,Tasks!$B$5:$B$100,A12),"")) | N12: =IF(M12="","",INDEX(Scales!$C$6:$C$10,MATCH(M12,Scales!$A$6:$A$10,1)))
B13: All core tasks | E13: =SUMIFS(E5:E12,$C$5:$C$12,"Core") | F13: =SUMIFS(F5:F12,$C$5:$C$12,"Core") | G13: =SUMIFS(G5:G12,$C$5:$C$12,"Core") | H13: =SUMIFS(H5:H12,$C$5:$C$12,"Core") | I13: =IF(E13=0,"",F13/E13) | J13: =IF(E13=0,"",(F13+G13)/E13)
B14: Unassisted success = Completed / Attempted. Overall success counts Assisted as a success. Mean time uses successful attempts only.
A15: Usability by ISO/IEC 25010 sub-characteristic
B16: Sub-characteristic | E16: Ratings | F16: Mean ease | G16: Interpretation
B17: Appropriateness recognizability | E17: =COUNTIFS(Tasks!$E$5:$E$100,B17,Tasks!$I$5:$I$100,">=1") | F17: =IF(E17=0,"",AVERAGEIFS(Tasks!$I$5:$I$100,Tasks!$E$5:$E$100,B17)) | G17: =IF(F17="","",INDEX(Scales!$C$6:$C$10,MATCH(F17,Scales!$A$6:$A$10,1)))
B18: Learnability | E18: =COUNTIFS(Tasks!$E$5:$E$100,B18,Tasks!$I$5:$I$100,">=1") | F18: =IF(E18=0,"",AVERAGEIFS(Tasks!$I$5:$I$100,Tasks!$E$5:$E$100,B18)) | G18: =IF(F18="","",INDEX(Scales!$C$6:$C$10,MATCH(F18,Scales!$A$6:$A$10,1)))
B19: Operability | E19: =COUNTIFS(Tasks!$E$5:$E$100,B19,Tasks!$I$5:$I$100,">=1") | F19: =IF(E19=0,"",AVERAGEIFS(Tasks!$I$5:$I$100,Tasks!$E$5:$E$100,B19)) | G19: =IF(F19="","",INDEX(Scales!$C$6:$C$10,MATCH(F19,Scales!$A$6:$A$10,1)))
B20: User error protection | E20: =COUNTIFS(Tasks!$E$5:$E$100,B20,Tasks!$I$5:$I$100,">=1") | F20: =IF(E20=0,"",AVERAGEIFS(Tasks!$I$5:$I$100,Tasks!$E$5:$E$100,B20)) | G20: =IF(F20="","",INDEX(Scales!$C$6:$C$10,MATCH(F20,Scales!$A$6:$A$10,1)))
A22: System Usability Scale
B23: Participants scored (n) | E23: =SUS!$E$18
B24: Mean SUS score | E24: =SUS!$E$19
B25: Standard deviation | E25: =SUS!$E$20
B26: Adjective rating | E26: =IF(SUS!$E$19="","",INDEX(Scales!$B$15:$B$21,MATCH(SUS!$E$19,Scales!$A$15:$A$21,1)))
B27: Acceptability | E27: =IF(SUS!$E$19="","",INDEX(Scales!$B$26:$B$28,MATCH(SUS!$E$19,Scales!$A$26:$A$28,1)))
B28: Meets the 68 threshold? | E28: =IF(SUS!$E$19="","",IF(SUS!$E$19>=Scales!$B$31,"Yes","No"))
B29: Pilot sample: report as indicative, not statistically significant (per the manuscript's evaluation section).
